Wavelength,S_Cone_Sensitivity,M_Cone_Sensitivity,L_Cone_Sensitivity
380.0,0.0015167360025085343,0.0005887368972521078,0.0011589407949410338
380.5,0.0016130415133953874,0.0006288993772075255,0.0012365658705823907
381.0,0.0017188612442968904,0.0006720488006666814,0.00132026810339069
381.5,0.0018349341736231188,0.0007185561110030646,0.001410693060871787
382.0,0.0019619992797841467,0.0007687922515901634,0.001508486310531535
382.5,0.00210079554119005,0.0008231281658014669,0.0016142934198757882
383.0,0.0022520619362509037,0.0008819347970104638,0.0017287599564104012
383.5,0.0024165374433767818,0.0009455830885906425,0.0018525314876412275
384.0,0.0025949610409777613,0.0010144439839154926,0.0019862535810741223
384.5,0.002788071707463915,0.0010888884263585016,0.002130571804214938
385.0,0.0029966084212453194,0.0011692873592931594,0.0022861317245695305
385.5,0.00322131016073205,0.0012560117260929544,0.0024535789096437536
386.0,0.0034629159043341813,0.0013494324701313755,0.002633558926943461
386.5,0.003722164630461787,0.001449920534781911,0.0028267173439745067
387.0,0.003999795317524944,0.00155784686341805,0.0030336997282427456
387.5,0.004296546943933726,0.0016735823994132814,0.0032551516472540316
388.0,0.00461315848809821,0.0017974980861410938,0.0034917186685142184
388.5,0.004950368928428469,0.001929964866974976,0.003744046359529161
389.0,0.005308917243334579,0.0020713536852884165,0.004012780287804712
389.5,0.005689542411226614,0.0022220354844549044,0.004298566020846727
390.0,0.006092983410514651,0.002382381207847928,0.0046020491261610594
390.5,0.006520203933952778,0.0025528056506971416,0.004923965536616074
391.0,0.006973066531671146,0.0027338990156568536,0.005265412646530167
391.5,0.007453658468143919,0.002926295357237541,0.005627578215584246
392.0,0.00796406700784526,0.003130628729949676,0.006011650003459218
392.5,0.008506379415249331,0.003347533188303735,0.0064188157698359906
393.0,0.009082682954830303,0.0035776427868101923,0.006850263274395471
393.5,0.009695064891062335,0.0038215915799795215,0.0073071802768185645
394.0,0.01034561248841959,0.004080013622322199,0.007790754536786181
394.5,0.011036413011376235,0.004353542968348697,0.008302173813979226
395.0,0.011769553724406434,0.004642813672569493,0.008842625868078605
395.5,0.012546770755832867,0.0049483948129076935,0.009413131108104109
396.0,0.013368395689372294,0.00527059556093694,0.010014040540431058
396.5,0.01423440897258998,0.005609660111643505,0.010645537820773644
397.0,0.015144791053051198,0.005965832660013663,0.011307806604846064
397.5,0.01609952237832122,0.006339357401033688,0.012001030548362518
398.0,0.01709858339596532,0.006730478529689856,0.012725393307037206
398.5,0.01814195455354877,0.007139440240968438,0.013481078536584323
399.0,0.019229616298636832,0.007566486729855709,0.014268269892718064
399.5,0.020361549078794793,0.008011862191337944,0.015087151031152633
400.0,0.021537733341587914,0.008475810820401415,0.015937905607602224
400.5,0.02275831427464345,0.008958642713193713,0.016820782955701233
401.0,0.024024096025836536,0.009460931570507694,0.017736295120764838
401.5,0.025336047483104286,0.009983316994297518,0.01868501982602841
402.0,0.02669513753438382,0.01052643858651736,0.01966753479472733
402.5,0.028102335067612245,0.011090935949121378,0.02068441775009696
403.0,0.0295586089707267,0.011677448684063754,0.02173624641537269
403.5,0.031064928131664272,0.012286616393298642,0.02282359851378988
404.0,0.03262226143836209,0.012919078678780218,0.023947051768583912
404.5,0.03423157777875727,0.013575475142462648,0.02510718390299016
405.0,0.035893846040786936,0.014256445386300099,0.026304572640244
405.5,0.03761136750356788,0.014963099391255815,0.02754068967326661
406.0,0.039391773010935646,0.015698428654329324,0.028820582573722393
406.5,0.04124402579790548,0.016465895051529233,0.03015019288296156
407.0,0.043177089099492624,0.01726896045886415,0.031535462142334325
407.5,0.04519992615071229,0.018111086752342673,0.032982331893190886
408.0,0.04732150018657973,0.018995735807973417,0.034496743676881464
408.5,0.04955077444211018,0.019926369501764983,0.03608463903475627
409.0,0.05189671215231886,0.020906449709725973,0.0377519595081655
409.5,0.05436827655222102,0.021939438307864993,0.03950464663845937
410.0,0.0569744308768319,0.023028797172190658,0.041348641966988106
410.5,0.05972224499695518,0.024177510036197458,0.04328878699716888
411.0,0.06261121532654841,0.025386648063323487,0.04532552308068683
411.5,0.0656389449153576,0.026656804274492716,0.047458191531294075
412.0,0.06880303681312872,0.027988571690629127,0.049686133662742694
412.5,0.07210109406960775,0.029382543332656698,0.05200869078878482
413.0,0.07553071973454074,0.030839312221499413,0.054425204223172555
413.5,0.07908951685767365,0.03235947137808125,0.056935015279658004
414.0,0.0827750884887525,0.03394361382332618,0.05953746527199329
414.5,0.08658503767752326,0.0355923325781582,0.062231895513930505
415.0,0.09051696747373195,0.03730622066350127,0.06501764731922176
415.5,0.09456431908735279,0.03908446715232997,0.0678912669937679
416.0,0.09870388636927278,0.04092064532582122,0.07083812081206446
416.5,0.10290830133060719,0.04280692451720254,0.07384078004075585
417.0,0.10715019598247125,0.04473547405970141,0.0768818159464863
417.5,0.11140220233598021,0.04669846328654535,0.07994379979590015
418.0,0.11563695240224935,0.048688061530961876,0.08300930285564172
418.5,0.11982707819239387,0.05069643812617849,0.08606089639235528
419.0,0.12394521171752904,0.0527157624054227,0.0890811516726852
419.5,0.1279639849887701,0.05473820370192201,0.09205263996327574
420.0,0.1318560300172323,0.05675593134890395,0.09495793253077123
420.5,0.13559883058466338,0.05876232948783602,0.09778290195857593
421.0,0.13918927755534113,0.060755641493145836,0.10052662609713388
421.5,0.14262911356417574,0.062735325547501,0.10319148411364905
422.0,0.1459200812460775,0.06470083983356911,0.1057798551753254
422.5,0.1490639232359566,0.06665164253401781,0.10829411844936689
423.0,0.15206238216872336,0.06858719183151471,0.11073665310297755
423.5,0.15491720067928796,0.07050694590872737,0.11310983830336133
424.0,0.1576301214025607,0.07241036294832347,0.11541605321772219
424.5,0.16020288697345178,0.0742969011329706,0.11765767701326411
425.0,0.16263724002687152,0.07616601864533637,0.1198370888571911
425.5,0.1649366856808992,0.07801863202778882,0.12195782964645473
426.0,0.1671117789862905,0.0798614912614976,0.12402808719699698
426.5,0.16917483747697035,0.08170280468733286,0.1260572110545075
427.0,0.1711381786868634,0.08355078064616467,0.12805455076467587
427.5,0.17301412014989448,0.08541362747886312,0.13002945587319167
428.0,0.17481497939998847,0.08729955352629834,0.1319912759257446
428.5,0.17655307397107006,0.08921676712934042,0.13394936046802422
429.0,0.17824072139706412,0.09117347662885943,0.13591305904572015
429.5,0.17989023921189545,0.0931778903657255,0.13789172120452198
430.0,0.1815139449494888,0.09523821668080876,0.13989469649011935
430.5,0.18312053539222226,0.09736045038686111,0.14192903640630833
431.0,0.18470422431628677,0.09954173218416183,0.14399260028931096
431.5,0.18625560474632655,0.10177698924487211,0.14608094943345573
432.0,0.1877652697069858,0.10406114874115302,0.14818964513307112
432.5,0.18922381222290865,0.1063891378451657,0.15031424868248558
433.0,0.19062182531873942,0.1087558837290713,0.1524503213760277
433.5,0.19194990201912224,0.11115631356503093,0.1545934245080259
434.0,0.1931986353487013,0.11358535452520573,0.1567391193728087
434.5,0.1943586183321209,0.11603793378175684,0.15888296726470458
435.0,0.19542044399402514,0.11850897850684536,0.16102052947804205
435.5,0.19637613484570685,0.12099356554663492,0.16314690731634643
436.0,0.19722343134505294,0.12348737044329891,0.16525536211993042
436.5,0.19796150343659893,0.12598621841301316,0.1673386952383034
437.0,0.1985895210648803,0.12848593467195354,0.16938970802097486
437.5,0.19910665417443255,0.1309823444362959,0.17140120181745427
438.0,0.19951207270979127,0.13347127292221614,0.17336597797725117
438.5,0.19980494661549184,0.13594854534589007,0.175276837849875
439.0,0.1999844458360698,0.13840998692349354,0.1771265827848352
439.5,0.20004974031606068,0.14085142287120245,0.17890801413164129
440.0,0.2,0.14326867840519264,0.18061393323980274
440.5,0.1998354099210713,0.14565894225602372,0.18223945531044386
441.0,0.1995602154670502,0.1480248572117902,0.18378895095114833
441.5,0.19917967711436044,0.15037042957497043,0.18526910462111462
442.0,0.19869905533942572,0.1526996656480426,0.18668660077954127
442.5,0.19812361061866968,0.15501657173348507,0.1880481238856268
443.0,0.19745860342851615,0.15732515413377612,0.18936035839856974
443.5,0.19670929424538877,0.159629419151394,0.19062998877756854
444.0,0.19588094354571123,0.16193337308881697,0.19186369948182175
444.5,0.19497881180590726,0.16424102224852338,0.19306817497052786
445.0,0.19400815950240055,0.1665563729329915,0.19425009970288545
445.5,0.1929746274735578,0.16888324861771986,0.19541576082654155
446.0,0.19188537800551764,0.17122474147028804,0.19656985624293757
446.5,0.19074795374636153,0.17358376083129592,0.19771668654196342
447.0,0.18956989734417104,0.1759632160413433,0.19886055231350913
447.5,0.1883587514470277,0.17836601644102998,0.20000575414746455
448.0,0.18712205870301318,0.1807950713709559,0.2011565926337198
448.5,0.185867361760209,0.18325329017172085,0.20231736836216468
449.0,0.18460220326669657,0.18574358218392462,0.2034923819226892
449.5,0.1833341258705576,0.18826885674816715,0.2046859339051834
450.0,0.1820706722198736,0.1908320232050482,0.2059023248995371
450.5,0.18081801990205715,0.19343626101636352,0.2071463830103071
451.0,0.17957688626184487,0.19608583012869185,0.20842504640071655
451.5,0.17834662358330447,0.19878526060980795,0.20974578074865555
452.0,0.1771265841505036,0.2015390825274865,0.21111605173201403
452.5,0.1759161202475099,0.2043518259495021,0.21254332502868195
453.0,0.17471458415839108,0.20722802094362958,0.2140350663165494
453.5,0.1735213281672148,0.21017219757764347,0.21559874127350628
454.0,0.17233570455804872,0.21318888591931848,0.21724181557744263
454.5,0.1711570656149605,0.21628261603642931,0.21897175490624837
455.0,0.16998476362201778,0.21945791799675068,0.22079602493781358
455.5,0.16881948426990862,0.22272090814783946,0.2227234349559393
456.0,0.16766724687580217,0.22608404795638162,0.2247681686680711
456.5,0.16653540416348794,0.22956138516884522,0.22694575338756556
457.0,0.16543130885675542,0.2331669675316985,0.22927171642777933
457.5,0.1643623136793941,0.23691484279140954,0.23176158510206898
458.0,0.16333577135519353,0.24081905869444656,0.23443088672379128
458.5,0.16235903460794315,0.2448936629872777,0.23729514860630277
459.0,0.1614394561614325,0.24915270341637105,0.24036989806296008
459.5,0.16058438873945105,0.25361022772819486,0.24367066240711988
460.0,0.1598011850657883,0.25828028366921724,0.2472129689521388
460.5,0.15909252077179,0.26317362017039503,0.2510105042289207
461.0,0.1584423631190264,0.2682877909006398,0.25506959163855875
461.5,0.15783000227662397,0.2736170507133517,0.25939471379969314
462.0,0.15723472841370914,0.2791556544619309,0.26399035333096427
462.5,0.15663583169940842,0.2848978569997776,0.2688609928510124
463.0,0.15601260230284827,0.2908379131802921,0.274011114978478
463.5,0.1553443303931552,0.2969700778568745,0.27944520233200126
464.0,0.1546103061394556,0.30328860588292506,0.28516773753022245
464.5,0.153789819710876,0.30978775211184395,0.2911832031917821
465.0,0.1528621612765428,0.31646177139703136,0.2974960819353204
465.5,0.15181127995285423,0.3233040965880439,0.3041088559333008
466.0,0.15063976064529486,0.3303048725190632,0.31101600557347847
466.5,0.149354847206621,0.33745342202042766,0.31821001079743183
467.0,0.14796378348958894,0.3447390679224752,0.3256833515467391
467.5,0.146473813346955,0.35215113305554396,0.3334285077629786
468.0,0.14489218063147546,0.3596789402499722,0.34143795938772875
468.5,0.1432261291959066,0.36731181233609794,0.3497041863625678
469.0,0.14148290289300477,0.3750390721442593,0.358219668629074
469.5,0.13966974557552628,0.3828500425047945,0.36697688612882573
470.0,0.13779390109622733,0.3907340462480416,0.37596831880340126
470.5,0.13586199748839814,0.3986829164782667,0.3851890161285796
471.0,0.13387819950746396,0.40669852739544765,0.39464430571694126
471.5,0.13184605608938402,0.41478526347348993,0.4043420847152676
472.0,0.12976911617011735,0.4229475091862993,0.41429025027033994
472.5,0.12765092868562317,0.4311896490077815,0.4244966995289394
473.0,0.12549504257186062,0.4395160674118423,0.4349693296378475
473.5,0.12330500676478884,0.4479311488723872,0.4457160377438453
474.0,0.12108437020036696,0.456439277863322,0.456744720993714
474.5,0.11883668181455413,0.46504483885855236,0.4680632765342351
475.0,0.1165654905433095,0.4737522163319839,0.4796796015121897
475.5,0.11427452697480774,0.4825654541452519,0.49159904371953034
476.0,0.11196824830608558,0.49148723371090924,0.5038167535288941
476.5,0.10965129338639525,0.5005198958292384,0.5163253319580894
477.0,0.10732830106498899,0.5096657813005215,0.5291173800249245
477.5,0.10500391019111902,0.518927230925041,0.5421854987472076
478.0,0.10268275961403764,0.5283065855030795,0.5555222891427471
478.5,0.10036948818299704,0.5378061858349193,0.5691203522293514
479.0,0.09806873474724949,0.5474283727208427,0.5829722890248289
479.5,0.09578513815604724,0.5571754869611321,0.5970707005469875
480.0,0.09352333725864251,0.5670498693560699,0.611408187813636
480.5,0.0912873933558262,0.5770543371583,0.625981633633359
481.0,0.08907905755454366,0.587193613429912,0.6408050479778469
481.5,0.08689950341327898,0.597472897685357,0.6558967226095662
482.0,0.08474990449051617,0.6078973894390861,0.6712749492909837
482.5,0.08263143434473924,0.6184722882055502,0.6869580197845662
483.0,0.08054526653443225,0.6292027934992006,0.7029642258527805
483.5,0.07849257461807918,0.6400941048344883,0.7193118592580932
484.0,0.07647453215416411,0.6511514217258644,0.736019211762971
484.5,0.07449231270117104,0.66237994368778,0.7531045751298807
485.0,0.07254708981758401,0.673784870234686,0.770586241121289
485.5,0.07063993709414594,0.6853748071885762,0.7884832441628796
486.0,0.0687715282506352,0.6971719856016141,0.8068175893332026
486.5,0.0669424370390891,0.7092020428335054,0.8256120243740246
487.0,0.06515323721154488,0.7214906162439562,0.8448892970271128
487.5,0.06340450252003982,0.734063343192672,0.8646721550342339
488.0,0.06169680671661122,0.7469458610393593,0.8849833461371552
488.5,0.06003072355329634,0.7601638071437237,0.9058456180776432
489.0,0.05840682678213244,0.773742818865471,0.9272817185974649
489.5,0.05682569015515682,0.7877085335643074,0.9493143954383875
490.0,0.05528788742440675,0.8020865885999386,0.9719663963421776
490.5,0.053793779455829714,0.8168992832877344,0.9952586386608415
491.0,0.05234287557101409,0.8321555647657181,1.019204718187342
491.5,0.05093447220545844,0.8478610421275775,1.0438164003248807
492.0,0.04956786579466138,0.8640213244669993,1.0691054504766597
492.5,0.04824235277412146,0.8806420208776712,1.0950836340458807
493.0,0.046957229579337297,0.8977287404532805,1.121762716435746
493.5,0.04571179264580744,0.9152870922875145,1.1491544630494575
494.0,0.04450533840903049,0.9333226854740603,1.1772706392902166
494.5,0.04333716330450504,0.9518411291066053,1.2061230105612257
495.0,0.04220656376772966,0.970848032278837,1.2357233422656864
495.5,0.04111272998680192,0.9903501091184309,1.2660851995291296
496.0,0.040054427160215254,1.010358493889016,1.2972293463664009
496.5,0.03903031423906211,1.0308854258882096,1.3291783465146734
497.0,0.038039050174434874,1.051943144413629,1.3619547637111218
497.5,0.03707929391742599,1.0735438887628908,1.39558116169292
498.0,0.03614970441912789,1.0956998982336135,1.430080104197242
498.5,0.03524894063063298,1.118423412123414,1.465474154961262
499.0,0.03437566150303369,1.1417266697299089,1.5017858777221533
499.5,0.033528525987422446,1.1656219103507164,1.539037836217091
500.0,0.03270619303489167,1.1901213732834535,1.577252594183248
500.5,0.03190724730968392,1.2152328217428174,1.6164484318408525
501.0,0.031129976328642305,1.2409461146118252,1.6566264953423442
501.5,0.030372593321760056,1.2672466346905744,1.6977836473232157
502.0,0.029633311519030422,1.2941197647791614,1.739916750418961
502.5,0.028910344150446635,1.3215508876776834,1.7830226672650722
503.0,0.028201904446001947,1.349525386186238,1.8270982604970436
503.5,0.02750620563568959,1.3780286431049222,1.8721403927503673
504.0,0.0268214609495028,1.4070460412338324,1.9181459266605367
504.5,0.026145883617434834,1.4365629633730665,1.9651117248630452
505.0,0.02547768686947892,1.4665647923227212,2.013034649993386
505.5,0.02481538314310096,1.4970334898574873,2.061905697539575
506.0,0.02415868170565745,1.5279373336504296,2.1116923943997215
506.5,0.023507591031977564,1.5592411803492063,2.162356400324456
507.0,0.022862119596890444,1.5909098866014755,2.213859375064411
507.5,0.02222227587522526,1.6229083090548955,2.266162978370218
508.0,0.021588068341811175,1.655201304357125,2.3192288699925085
508.5,0.02095950547147734,1.6877537291558222,2.373018709681914
509.0,0.020336595739052915,1.720530440098645,2.427494157189067
509.5,0.019719347619367066,1.753496293833252,2.4826168722645976
510.0,0.01910776958724895,1.7866161470073012,2.5383485146591394
510.5,0.01850207175407809,1.8198553046120884,2.594649137054103
511.0,0.01790327077743545,1.8531808650134556,2.6514723638540225
511.5,0.01731258495145237,1.8865603749208817,2.708770212394212
512.0,0.016731232570260175,1.9199613810438454,2.7664947000099835
512.5,0.016160431927990188,1.953351430091826,2.8245978440366515
513.0,0.015601401318773763,1.9866980687743037,2.8830316618095306
513.5,0.015055359036742213,2.019968843800756,2.9417481706639337
514.0,0.014523523376026873,2.0531313018806623,3.0006993879351747
514.5,0.014007112630759077,2.0861529897235025,3.0598373309585667
515.0,0.013507345095070155,2.119001454038755,3.1191140170694243
515.5,0.013025220790902056,2.151639536740237,3.178473270845184
516.0,0.012560866651439163,2.1840112605591195,3.2378261458317716
516.5,0.012114191337676486,2.21605594343091,3.2970755028172367
517.0,0.01168510351060902,2.2477129032911156,3.356124202589628
517.5,0.011273511831231778,2.2789214580752453,3.414875105936994
518.0,0.010879324960539758,2.309620925718808,3.4732310736473866
518.5,0.010502451559527965,2.3397506241573116,3.531094966508852
519.0,0.0101428002891914,2.369249871326262,3.58836964530944
519.5,0.009800279810525067,2.3980579851611705,3.6449579708372
520.0,0.009474798784523973,2.4261142835975433,3.700762803880182
520.5,0.009166084975277362,2.453368801173735,3.7557036181077623
521.0,0.008873142559251437,2.4798144388394796,3.8097663387146246
521.5,0.008594794816006649,2.5054548141473574,3.8629535037767804
522.0,0.008329865025103446,2.5302935446499477,3.915267651370242
522.5,0.008077176466102273,2.5543342478998308,3.9667113195710204
523.0,0.007835552418563582,2.577580541449588,4.017287046455129
523.5,0.0076038161620478216,2.6000360428517975,4.066997370098578
524.0,0.007380790976115435,2.62170436965904,4.11584482857738
524.5,0.0071653001403268754,2.642589139423895,4.163831959967546
525.0,0.006956166934242588,2.6626939696989442,4.210961302345088
525.5,0.006752376654517044,2.6820270909957906,4.257239473502647
526.0,0.006553562666180795,2.700615185662139,4.302689410099376
526.5,0.006359520351358416,2.7184895490047163,4.3473381285110575
527.0,0.006170045092174481,2.7356814763302517,4.3912126451134705
527.5,0.005984932270753561,2.752222262945472,4.434339976282399
528.0,0.005803977269220235,2.7681432041571075,4.476747138393626
528.5,0.005626975469699074,2.783475595271885,4.518461147822932
529.0,0.005453722254314652,2.7982507315965326,4.559509020946098
529.5,0.005284013005191545,2.812499908437779,4.599917774138906
530.0,0.005117643104454325,2.8262544211023526,4.63971442377714
530.5,0.004954446791289397,2.8395386629766874,4.678919496835679
531.0,0.004794413733130481,2.8523494197660404,4.717527562685798
531.5,0.004637572454473126,2.8646765752553764,4.755526701297868
532.0,0.004483951479812882,2.8765100132296575,4.792904992642264
532.5,0.004333579333645297,2.8878396174738468,4.82965051668936
533.0,0.004186484540465923,2.898655271772909,4.865751353409527
533.5,0.004042695624770308,2.9089468599118073,4.901195582773138
534.0,0.003902241111054002,2.9187042656755047,4.935971284750567
534.5,0.003765149523812554,2.9279173728489645,4.970066539312186
535.0,0.003631449387541514,2.936576065217151,5.003469426428369
535.5,0.0035011614500145075,2.9446730199897257,5.036171784230357
536.0,0.003374275352117458,2.9522120880751426,5.068180483492858
536.5,0.0032507729580143647,2.9591999138065557,5.099506153151451
537.0,0.0031306361318692282,2.9656431415171176,5.130159422141712
537.5,0.0030138467378460474,2.9715484155399814,5.160150919399217
538.0,0.0029003866401088223,2.9769223802083005,5.189491273859547
538.5,0.002790237702821552,2.9817716798552274,5.218191114458277
539.0,0.002683381790148236,2.986102958813915,5.246261070130983
539.5,0.0025798007662528747,2.989922861417517,5.273711769813245
540.0,0.0024794764952994664,2.993238031999186,5.300553842440637
540.5,0.0023823863866278563,2.9960550236621724,5.326797546768096
541.0,0.0022884900302812634,2.9983800245901127,5.352451660827974
541.5,0.002197742561478751,3.0002191317367397,5.377524592471984
542.0,0.0021100991154393836,3.0015784420557883,5.402024749551835
542.5,0.002025514827382224,3.002464052500991,5.425960539919239
543.0,0.0019439448325263371,3.0028820600260824,5.449340371425909
543.5,0.001865344266090786,3.0028385615847952,5.472172651923554
544.0,0.001789668263294635,3.0023396541308633,5.494465789263884
544.5,0.0017168719593569472,3.00139143461802,5.516228191298613
545.0,0.0016469104894967872,2.9999999999999996,5.5374682658794505
545.5,0.00157973214818285,2.998171394370759,5.5581947925860575
546.0,0.0015152578668823579,2.9959114503851487,5.5784180379098895
546.5,0.001453401736312164,2.993225947838242,5.5981486400703515
547.0,0.001394077847189122,2.990120666525114,5.61739723728685
547.5,0.0013372002902300856,2.9866013862408365,5.636174467778788
548.0,0.001282683156151909,2.982673886780487,5.654490969765571
548.5,0.0012304405356714453,2.9783439479391367,5.6723573814666075
549.0,0.0011803865195055478,2.9736173495118603,5.689784341101297
549.5,0.0011324351983710707,2.968499871293732,5.70678248688905
550.0,0.0010865006629848673,2.9629972930798263,5.723362457049269
550.5,0.0010425024617303563,2.9571140959264453,5.739532105844255
551.0,0.001000381973657213,2.9508495659348095,5.755288151707872
551.5,0.0009600860354816789,2.944201690467367,5.770624529116885
552.0,0.0009215614839199945,2.937168456886566,5.785535172548055
552.5,0.0008847551556884,2.9297478525548564,5.800014016478142
553.0,0.0008496138875031368,2.921937864834686,5.814054995383911
553.5,0.0008160845160804454,2.9137364810885034,5.8276520437421215
554.0,0.0007841138781365665,2.905141688678757,5.840799096029533
554.5,0.0007536488103877406,2.8961514749678963,5.8534900867229105
555.0,0.0007246361495502089,2.886763827318369,5.865718950299015
555.5,0.0006970209928178546,2.8769767947561435,5.877478845265301
556.0,0.0006707414792951326,2.8667886729612606,5.888759826251997
556.5,0.0006457340085641402,2.85619781927728,5.899551171920022
557.0,0.0006219349802069753,2.8452025910477623,5.9098421609303
557.5,0.000599280793805735,2.8338013456162665,5.919622071943747
558.0,0.0005777078489425174,2.8219924403263543,5.928880183621292
558.5,0.0005571525451994197,2.809774232521584,5.937605774623848
559.0,0.0005375512821585396,2.7971450795455164,5.945788123612341
559.5,0.0005188404594019746,2.7841033387417116,5.953416509247691
560.0,0.0005009564765118224,2.770647367453729,5.960480210190818
560.5,0.00048384359211495366,2.7567767339516847,5.966970804235694
561.0,0.0004674775010173326,2.7424958502119177,5.972889065708473
561.5,0.00045184175706969635,2.72781033913732,5.978238068068363
562.0,0.0004369199141227823,2.712725823630785,5.98302088477457
562.5,0.00042269552602732777,2.697247926595207,5.9872405892863
563.0,0.00040915214663407015,2.6813822709334802,5.990900255062758
563.5,0.0003962733297937466,2.6651344795484975,5.994002955563151
564.0,0.0003840426293570946,2.648510175343152,5.996551764246686
564.5,0.00037244359917485136,2.6315149812203376,5.998549754572566
565.0,0.00036145979309775426,2.6141545200829484,5.999999999999999
565.5,0.00035107463260013297,2.596434534189289,6.000905205706308
566.0,0.0003412710096506863,2.5783612432193097,6.0012666037412785
566.5,0.0003320316838417056,2.5599409862083715,6.001085057872812
567.0,0.00032333941476548185,2.5411801021918357,6.000361431868813
567.5,0.0003151769620143064,2.5220849302050636,5.999096589497183
568.0,0.0003075270851804705,2.5026618092834174,5.997291394525826
568.5,0.0003003725438562654,2.4829170784622576,5.994946710722644
569.0,0.0002936960976339821,2.4628570767769458,5.992063401855537
569.5,0.00028748050610591196,2.4424881432628434,5.988642331692413
570.0,0.00028170852886434623,2.4218166169553124,5.984684364001171
570.5,0.0002763621231552606,2.400848773710023,5.980189549547994
571.0,0.0002714200368393691,2.3795906366638864,5.97515468709218
571.5,0.0002668602154310702,2.3580481657741217,5.969575762391306
572.0,0.00026266060444476226,2.336227320997949,5.96344876120295
572.5,0.000258799149394844,2.314134062292588,5.956769669284687
573.0,0.0002552537957957138,2.2917743496152596,5.949534472394095
573.5,0.00025200248916177026,2.2691541429231834,5.941739156288752
574.0,0.0002490231750074118,2.246279402173578,5.9333797067262335
574.5,0.000246293798847037,2.2231560873236655,5.924452109464118
575.0,0.00024379230619504425,2.1997901583306643,5.9149523502599815
575.5,0.0002414936848502342,2.176187866973717,5.904876448700065
576.0,0.00023936109174901537,2.1523566323196475,5.894220559685258
576.5,0.00023735472611219842,2.1283041652572043,5.8829808719451115
577.0,0.0002354347871605939,2.1040381766751346,5.871153574209176
577.5,0.0002335614741150124,2.0795663774621844,5.858734855207002
578.0,0.00023169498619626463,2.054896478507102,5.845720903668146
578.5,0.0002297955226251611,2.030036190698634,5.832107908322155
579.0,0.0002278232826225124,2.004993224925527,5.817892057898582
579.5,0.00022573846540912922,1.9797752920765288,5.803069541126982
580.0,0.0002235012702058221,1.954390103040386,5.787636546736903
580.5,0.00022107902997509053,1.9288465978579317,5.771591831750084
581.0,0.00021846761264618898,1.9031586331783388,5.754944426357016
581.5,0.00021567001989006084,1.8773412948028658,5.7377059290403745
582.0,0.0002126892533776495,1.8514096685327717,5.719887938282834
582.5,0.00020952831477989814,1.8253788401693147,5.70150205256707
583.0,0.00020619020576775033,1.799263895513754,5.682559870375762
583.5,0.00020267792801214934,1.773079920367348,5.6630729901915835
584.0,0.0001989944831840385,1.7468420005313552,5.64305301049721
584.5,0.0001951428729543611,1.7205652218070342,5.62251152977532
585.0,0.00019112609899406063,1.6942646699956443,5.601460146508588
585.5,0.00018695739189142834,1.6679546492548039,5.579910765923148
586.0,0.00018269089790414725,1.6416463371675736,5.557876520218969
586.5,0.0001783909922072483,1.6153501296733728,5.535370848339474
587.0,0.00017412204997576254,1.589076422711622,5.512407189228088
587.5,0.0001699484463847208,1.562835612221742,5.488998981828238
588.0,0.00016593455660915426,1.536638094143153,5.465159665083349
588.5,0.00016214475582409374,1.5104942644152748,5.440902677936846
589.0,0.00015864341920457023,1.4844145189775282,5.416241459332153
589.5,0.00015549492192561473,1.4584092537693332,5.391189448212697
590.0,0.00015276363916225824,1.4324888647301102,5.365760083521903
590.5,0.00015048966295609103,1.4066650008059522,5.339962355940168
591.0,0.00014861595281494055,1.3809543229696426,5.313787463095767
591.5,0.00014706118511319366,1.3553747452006362,5.28722215435395
592.0,0.0001457440362252371,1.3299441814783894,5.260253179079965
592.5,0.0001445831825254576,1.3046805457823576,5.23286728663906
593.0,0.00014349730038824214,1.279601752091997,5.205051226396483
593.5,0.00014240506618797732,1.2547257143867625,5.176791747717483
594.0,0.00014122515629905007,1.2300703466461103,5.148075599967307
594.5,0.0001398762470958471,1.205653562849496,5.118889532511207
595.0,0.00013827701495275528,1.1814932769763757,5.089220294714426
595.5,0.00013636755228889802,1.15760331669788,5.0590597622576725
596.0,0.00013417361570234533,1.133981164451843,5.02842031608347
596.5,0.0001317423778359039,1.1106202163677725,4.997319463449804
597.0,0.00012912101133238043,1.087513868575178,4.965774711614654
597.5,0.00012635668883458155,1.064655517203568,4.933803567836003
598.0,0.00012349658298531403,1.0420385583824516,4.901423539371835
598.5,0.00012058786642738449,1.0196563882413374,4.86865213348013
599.0,0.0001176777118035996,0.9975024029097344,4.835506857418872
599.5,0.00011481329175676606,0.9755699985171512,4.802005218446042
600.0,0.00011204177892969056,0.9538525711930967,4.768164723819625
600.5,0.00010939647235545397,0.9323471935320138,4.733999050636666
601.0,0.00010685517662823392,0.91106564398808,4.699506555350476
601.5,0.00010438182273248226,0.890023377480407,4.664681764253426
602.0,0.00010194034165265082,0.8692358489281063,4.62951920363789
602.5,9.949466437319142e-05,0.8487185132502895,4.594013399796242
603.0,9.700872187855593e-05,0.8284868253660683,4.558158879020857
603.5,9.444644515319616e-05,0.8085562401945544,4.521950167604105
604.0,9.177176518156397e-05,0.788942212654859,4.485381791838363
604.5,8.894861294811117e-05,0.769660197666094,4.448448278016003
605.0,8.594091943728963e-05,0.750725650147371,4.4111441524294
605.5,8.27278920520704e-05,0.7321506461207278,4.373469604005107
606.0,7.93498438695015e-05,0.7139337460199059,4.335447472206407
606.5,7.586236438515012e-05,0.6960701313815739,4.29710625913076
607.0,7.232104309458353e-05,0.6785549837423994,4.2584744668756285
607.5,6.878146949336892e-05,0.6613834846390504,4.2195805975384735
608.0,6.529923307707359e-05,0.6445508156081952,4.18045315321676
608.5,6.192992334126473e-05,0.6280521581865015,4.1411206360079476
609.0,5.8729129781509574e-05,0.6118826939106377,4.101611548009498
609.5,5.575244189337536e-05,0.5960376043172714,4.061954391318874
610.0,5.305544917242932e-05,0.580512070943071,4.022177668033539
610.5,5.067940492633621e-05,0.5653014511406693,3.9823014660355547
611.0,4.86082177111508e-05,0.5504018055265592,3.9423122163453916
611.5,4.681145989502539e-05,0.5358093705331985,3.90218793576812
612.0,4.5258703846112286e-05,0.521520382593045,3.8619066411088108
612.5,4.3919521932563776e-05,0.5075310781385564,3.8214463491725352
613.0,4.2763486522532165e-05,0.49383769360219065,3.7807850767643654
613.5,4.1760169984169745e-05,0.48043646541640544,3.7399008406893706
614.0,4.087914468562882e-05,0.4673236300136587,3.6987716577526224
614.5,4.008998299506169e-05,0.45449542382640823,3.6573755447591925
615.0,3.9362257280620636e-05,0.4419480832871117,3.615690518514151
615.5,3.866843869311963e-05,0.42967747113028887,3.5736972446553983
616.0,3.799259351401913e-05,0.4176779552987064,3.5313869841521455
616.5,3.732168680744132e-05,0.40594353003719263,3.4887536468064324
617.0,3.664268363750832e-05,0.3944681895905762,3.4457911424202994
617.5,3.5942549068342275e-05,0.38324592820368547,3.402493380795786
618.0,3.520824816406534e-05,0.372270740121349,3.3588542717349323
618.5,3.4426745988799656e-05,0.36153661958839517,3.3148677250397784
619.0,3.358500760666736e-05,0.35103756084965254,3.270527650512364
619.5,3.2669998081790604e-05,0.3407675581499495,3.2258279579547295
620.0,3.166868247829153e-05,0.3307206057341146,3.1807625571689147
620.5,3.057338209658334e-05,0.32089177674563796,3.1353367805304244
621.0,2.9397843182243495e-05,0.3112804599226558,3.08960165070862
621.5,2.8161168217140518e-05,0.30188712290196623,3.043619612946328
622.0,2.688245968314292e-05,0.29271223332036717,2.997453112486375
622.5,2.558082006211923e-05,0.28375625881465655,2.951164594571586
623.0,2.4275351835937975e-05,0.2750196670216325,2.9048165044447893
623.5,2.2985157486467665e-05,0.26650292557809285,2.8584712873488094
624.0,2.172933949557682e-05,0.25820650212083557,2.8121913885264735
624.5,2.0527000345133964e-05,0.2501308642866587,2.7660392532206077
625.0,1.939724251700762e-05,0.24227647971236027,2.7200773266740383
625.5,1.8354960516188824e-05,0.23464292574714507,2.6743632727568283
626.0,1.7398216940158642e-05,0.22722621858984568,2.628935629847988
626.5,1.652086640952068e-05,0.22002148415170153,2.5838281549537614
627.0,1.571676354487852e-05,0.21302384834395205,2.5390746050803954
627.5,1.4979762966835757e-05,0.2062284370778367,2.4947087372341348
628.0,1.4303719295995982e-05,0.19963037626459496,2.4507643084212276
628.5,1.368248715296279e-05,0.19322479181546623,2.407275075647918
629.0,1.3109921158339764e-05,0.18700680964168997,2.364274795920452
629.5,1.2579875932730502e-05,0.18097155565450565,2.3217972262450757
630.0,1.2086206096738595e-05,0.1751141557651527,2.2798761236280356
630.5,1.1623497530000333e-05,0.16942983227590286,2.2385358926691863
631.0,1.1189261148282794e-05,0.16391419305315694,2.19776352834282
631.5,1.078173912638576e-05,0.15856294235434787,2.157536673216838
632.0,1.0399173639109006e-05,0.1533717844369088,2.1178329698591414
632.5,1.0039806861252313e-05,0.14833642355827276,2.0786300608376322
633.0,9.701880967615465e-06,0.1434525639758728,2.0399055887202118
633.5,9.383638132998232e-06,0.13871590994714197,2.001637196074781
634.0,9.083320532200399e-06,0.1341221657295133,1.9638025254692413
634.5,8.799170340021742e-06,0.1296670355804199,1.926379219471494
635.0,8.529429731262045e-06,0.12534622375729476,1.889344920649441
635.5,8.272432997395605e-06,0.1211555698249937,1.8526805187309279
636.0,8.026882896594807e-06,0.11709145457806341,1.8163798920835783
636.5,7.791574303706557e-06,0.11315039411847337,1.7804401662349598
637.0,7.565302093577766e-06,0.10932890454819298,1.7448584667126406
637.5,7.346861141055339e-06,0.1056235019691917,1.7096319190441884
638.0,7.1350463209861824e-06,0.10203070248343898,1.6747576487571718
638.5,6.928652508217204e-06,0.09854702219290426,1.6402327813791582
639.0,6.7264745775953095e-06,0.09516897719955696,1.6060544424377154
639.5,6.527307403967408e-06,0.09189308360536655,1.5722197574604115
640.0,6.329945862180406e-06,0.08871585751230247,1.538725851974815
640.5,6.133450056005279e-06,0.08563419397983882,1.5055722920016954
641.0,5.937941004909271e-06,0.0826465038974682,1.4727684055346322
641.5,5.743804957283695e-06,0.07975157711218789,1.4403259610604058
642.0,5.5514281615198655e-06,0.07694820347099515,1.408256727065798
642.5,5.3611968660090945e-06,0.07423517282088725,1.3765724720375887
643.0,5.173497319142695e-06,0.07161127500886148,1.3452849644625602
643.5,4.988715769311981e-06,0.06907529988191509,1.314405972827493
644.0,4.807238464908265e-06,0.06662603728704533,1.2839472656191682
644.5,4.629451654322861e-06,0.0642622770712495,1.2539206113243668
645.0,4.455741585947079e-06,0.06198280908152485,1.2243377784298701
645.5,4.2864652818762066e-06,0.059786167525848005,1.195209296683903
646.0,4.121862859021406e-06,0.05766986405611295,1.166540740880464
646.5,3.96214520799781e-06,0.055631154685193016,1.138336447074996
647.0,3.807523219420554e-06,0.05366729542596154,1.1106007513229406
647.5,3.6582077839047705e-06,0.05177554229129186,1.0833379896797413
648.0,3.514409792065595e-06,0.049953151294057314,1.0565524982008405
648.5,3.3763401345181604e-06,0.048197378447131234,1.0302486129416806
649.0,3.244209701877601e-06,0.046505479763386946,1.0044306699577035
649.5,3.1182293847590507e-06,0.0448747112556978,0.9791030053043527
650.0,2.9986100737776444e-06,0.043302328936937126,0.9542699550370701
650.5,2.88545660949964e-06,0.04178579348958153,0.9299332360045239
651.0,2.778449632295797e-06,0.04032338427452077,0.9060840882282832
651.5,2.677163732487999e-06,0.03891358532224785,0.8827111325231426
652.0,2.581173500398129e-06,0.03755488066325576,0.8598029897038962
652.5,2.4900535263480715e-06,0.036245754328037554,0.8373482805853387
653.0,2.403378400659711e-06,0.03498469034708623,0.815335625982265
653.5,2.3207227136549295e-06,0.03377017275089479,0.7937536467094692
654.0,2.241661055655612e-06,0.03260068556995628,0.772590963581746
654.5,2.165768016983642e-06,0.031474712834763684,0.7518361974138897
655.0,2.0926181879609035e-06,0.03039073857581004,0.7314779690206951
655.5,2.0218407093623866e-06,0.02934711535895479,0.7115057739624059
656.0,1.953282923775508e-06,0.028341669891523112,0.6919126067810631
656.5,1.8868467242407922e-06,0.02737209741620664,0.6726923367641571
657.0,1.8224340037987609e-06,0.026436093175696986,0.6538388331991779
657.5,1.759946655489938e-06,0.025531352412685764,0.6353459653736158
658.0,1.6992865723548477e-06,0.024655570369864606,0.6172076025749612
658.5,1.6403556474340124e-06,0.023806442289925123,0.5994176140907044
659.0,1.5830557737679558e-06,0.022981663415558934,0.5819698692083354
659.5,1.5272888443972012e-06,0.022178928989457666,0.5648582372153446
660.0,1.4729567523622723e-06,0.021395934254312937,0.5480765873992224
660.5,1.4199825603739962e-06,0.020630872195399344,0.5316211132360473
661.0,1.3683740098244144e-06,0.019883926768323408,0.5154973049562517
661.5,1.3181600117758725e-06,0.019155779671274634,0.4997129769788556
662.0,1.2693694772907157e-06,0.018447112602442514,0.48427594372287974
662.5,1.2220313174312892e-06,0.017758607260016553,0.46919401960734436
663.0,1.1761744432599394e-06,0.01709094534218625,0.4544750190512703
663.5,1.131827765839011e-06,0.0164448085471411,0.44012675647367766
664.0,1.0890201962308498e-06,0.015820878573070612,0.426157046293587
664.5,1.0477806454978012e-06,0.015219837118164284,0.4125737029300189
665.0,1.0081380247022106e-06,0.01464236588061161,0.3993845408019937
665.5,9.701082246524907e-07,0.01408890006064947,0.3865954179989047
666.0,9.336550551413203e-07,0.013558888866704222,0.3742043672916359
666.5,8.987293057074462e-07,0.013051535009249599,0.36220746512144414
667.0,8.652817658896147e-07,0.012566041198759337,0.35060078792958616
667.5,8.332632252265717e-07,0.012101610145707166,0.3393804121573188
668.0,8.026244732570641e-07,0.011657444560566825,0.3285424142458989
668.5,7.733162995198379e-07,0.011232747153812042,0.3180828706365832
669.0,7.452894935536396e-07,0.010826720635916557,0.30799785777062855
669.5,7.184948448972152e-07,0.010438567717354099,0.2982834520892917
670.0,6.928831430893113e-07,0.010067491108598404,0.28893573003382955
670.5,6.684033910287211e-07,0.009712684174930049,0.2799481054036915
671.0,6.449974450544262e-07,0.009373302900856969,0.2713033414310975
671.5,6.226053748654542e-07,0.009048493925693941,0.2629815387064603
672.0,6.011672501608337e-07,0.008737403888755749,0.25496279782019227
672.5,5.806231406395924e-07,0.008439179429357164,0.2472272193627061
673.0,5.609131160007592e-07,0.008152967186812972,0.23975490392441454
673.5,5.419772459433618e-07,0.007877913800437949,0.23252595209573007
674.0,5.237556001664285e-07,0.007613165909546873,0.22552046446706536
674.5,5.061882483689874e-07,0.007357870153454522,0.21871854162883297
675.0,4.892152602500669e-07,0.007111173171475679,0.21210028417144558
675.5,4.727830254615679e-07,0.006872310791007118,0.2056480557258076
676.0,4.56863213466883e-07,0.006640875591773611,0.19935327208479084
676.5,4.4143381368227743e-07,0.006416549341581929,0.19320961208175874
677.0,4.264728155240165e-07,0.0061990138082388384,0.18721075455007502
677.5,4.1195820840836554e-07,0.005987950759551113,0.1813503783231032
678.0,3.9786798175159005e-07,0.005783041963325522,0.17562216223420693
678.5,3.841801249699552e-07,0.005583969187368834,0.17001978511674967
679.0,3.7087262747972636e-07,0.00539041419948782,0.16453692580409507
679.5,3.579234786971688e-07,0.005202058767489251,0.15916726312960677
680.0,3.45310668038548e-07,0.005018584659179895,0.15390447592664827
680.5,3.330165817640657e-07,0.004839738178105792,0.14874402913735763
681.0,3.210411935096697e-07,0.004665523770770046,0.1436885321389705
681.5,3.093888737552442e-07,0.0044960104194150365,0.13874238041749695
682.0,2.980639929806734e-07,0.004331267106283136,0.13390996945894712
682.5,2.8707092166584153e-07,0.004171362813616718,0.12919569474933104
683.0,2.764140302906329e-07,0.004016366523658161,0.12460395177465892
683.5,2.6609768933493177e-07,0.0038663472186498374,0.12013913602094074
684.0,2.561262692786223e-07,0.003721373880834123,0.11580564297418662
684.5,2.465041406015887e-07,0.0035815154924533944,0.11160786812040668
685.0,2.3723567378371538e-07,0.003446841035750025,0.107550206945611
685.5,2.2832277413063543e-07,0.003317381165954449,0.10363581121896938
686.0,2.1975748625097831e-07,0.003193013230249332,0.09986285784229039
686.5,2.1152938957912238e-07,0.003073576248805398,0.09622828000054234
687.0,2.0362806354944602e-07,0.002958909241793372,0.09272901087869344
687.5,1.9604308759632756e-07,0.0028488512293839766,0.089361983661712
688.0,1.8876404115414546e-07,0.002743241231747938,0.08612413153456633
688.5,1.817805036572781e-07,0.002641918269055979,0.08301238768222466
689.0,1.7508205454010375e-07,0.0025447213614788237,0.08002368528965527
689.5,1.6865827323700092e-07,0.002451489529187197,0.07715495754182647
690.0,1.62498739182348e-07,0.002362061792351823,0.07440313762370653
690.5,1.5659310912218615e-07,0.002276281165573598,0.07176484861262637
691.0,1.5093134904920797e-07,0.0021940066411741082,0.06923547315536766
691.5,1.4550350226776887e-07,0.002115101205905111,0.06681008379107468
692.0,1.4029961208222422e-07,0.002039427846518365,0.06448375305889173
692.5,1.3530972179692947e-07,0.0019668495497656277,0.06225155349796311
693.0,1.3052387471624003e-07,0.0018972293023986578,0.06010855764743315
693.5,1.2593211414451124e-07,0.0018304300911692129,0.058049838046446124
694.0,1.2152448338609858e-07,0.001766314902829051,0.05607046723414634
694.5,1.1729102574535743e-07,0.0017047467241299305,0.0541655177496781
695.0,1.1322178452664322e-07,0.0016455885418236095,0.05233006213218572
695.5,1.0930755943712212e-07,0.0015887121311454993,0.05055965144061898
696.0,1.0554217579520354e-07,0.0015340244212656221,0.0488517508131496
696.5,1.0192021532210757e-07,0.0014814411298376537,0.04720430390775478
697.0,9.843625973905444e-08,0.0014308779745152698,0.04561525438241172
697.5,9.508489076726425e-08,0.0013822506729521465,0.044082545895097615
698.0,9.18606901279572e-08,0.001335474942801959,0.042604122103789686
698.5,8.875823954235342e-08,0.0012904665017183835,0.04117792666646513
699.0,8.577212073167309e-08,0.0012471410673550955,0.03980190324110114
699.5,8.289691541713636e-08,0.0012054143573657704,0.03847399548567492
700.0,8.012720531996339e-08,0.0011652020894040846,0.03719214705816368
700.5,7.745787610706902e-08,0.0011264258523083028,0.03595440299977849
701.0,7.488502922814672e-08,0.001089030719655049,0.034759213884665914
701.5,7.240507007858463e-08,0.0010529676362055354,0.03360513167020637
702.0,7.001440405377089e-08,0.0010181875467209756,0.03249070831378029
702.5,6.770943654909366e-08,0.000984641395962582,0.03141449577276809
703.0,6.548657295994111e-08,0.0009522801286915677,0.030375046004550224
703.5,6.334221868170134e-08,0.0009210546896691458,0.029370910966507097
704.0,6.127277910976251e-08,0.0008909160236565288,0.028400642616019135
704.5,5.9274659639512794e-08,0.0008618150754149302,0.02746279291046678
705.0,5.7344265666340314e-08,0.0008337027897055625,0.026555913807230453
705.5,5.547823033145464e-08,0.0008065328014839357,0.025678638034239507
706.0,5.367409775935092e-08,0.0007802695064827469,0.024829921401618937
706.5,5.1929639820345715e-08,0.0007548799906289896,0.024008800490042687
707.0,5.0242628384755573e-08,0.0007303313398496578,0.02321431188018468
707.5,4.861083532289706e-08,0.0007065906400717453,0.02244549215271884
708.0,4.7032032505086756e-08,0.000683624977222246,0.021701377888319107
708.5,4.5503991801641195e-08,0.0006614014372281537,0.020981005667659397
709.0,4.402448508287695e-08,0.0006398871060164622,0.020283412071413643
709.5,4.259128421911058e-08,0.0006190490695141652,0.01960763368025578
710.0,4.120216108065865e-08,0.0005988544136482569,0.018952707074859725
710.5,3.985511522667846e-08,0.000579273563555834,0.01831776035164661
711.0,3.854905697169022e-08,0.0005602903012144053,0.017702287670026268
711.5,3.728312431905492e-08,0.0005418917478115829,0.01710587470515574
712.0,3.605645527213352e-08,0.0005240650245349786,0.016528107132192063
712.5,3.4868187834286976e-08,0.0005067972525722045,0.01596857062629227
713.0,3.371746000887628e-08,0.0004900755531108726,0.015426850862613396
713.5,3.2603409799262386e-08,0.0004738870473385948,0.014902533516312478
714.0,3.152517520880626e-08,0.0004582188564429829,0.014395204262546549
714.5,3.048189424086887e-08,0.000443058101611649,0.013904448776472645
715.0,2.947270489881118e-08,0.00042839190403220513,0.013429852733247802
715.5,2.849674293310573e-08,0.0004142074425821104,0.012971002544541102
716.0,2.7553135082671238e-08,0.0004004921268982124,0.01252748756806979
716.5,2.6641005833538e-08,0.0003872334243072062,0.01209889789806317
717.0,2.5759479671736305e-08,0.0003744188021357865,0.011684823628750526
717.5,2.490768108329643e-08,0.0003620357277106483,0.011284854854361159
718.0,2.4084734554248685e-08,0.0003500716683584866,0.010898581669124366
718.5,2.3289764570623345e-08,0.00033851409140599604,0.010525594167269439
719.0,2.25218956184507e-08,0.00032735046417987175,0.010165482443025675
719.5,2.178025218376105e-08,0.00031656825400680846,0.009817836590622369
720.0,2.106395875258467e-08,0.00030615492821350123,0.009482246704288816
720.5,2.0372138993944456e-08,0.0002960978841890827,0.00915830311394673
721.0,1.9703913308833656e-08,0.0002863842395724373,0.008845597092287523
721.5,1.9058401281238132e-08,0.000277001042064887,0.008543720147695014
722.0,1.8434722495143727e-08,0.0002679353393677541,0.00825226378855303
722.5,1.78319965345363e-08,0.00025917417918236055,0.007970819523245397
723.0,1.7249342983401706e-08,0.00025070460921002886,0.007698978860155943
723.5,1.6685881425725793e-08,0.0002425136771520809,0.007436333307668493
724.0,1.6140731445494413e-08,0.00023458843070983895,0.007182474374166873
724.5,1.5613012626693426e-08,0.00022691591758462512,0.006936993568034908
725.0,1.510184455330868e-08,0.00021948318547776165,0.006699482397656426
725.5,1.4606416602170956e-08,0.000212278362355612,0.006469563473243836
726.0,1.4126197321490725e-08,0.00020529389724470516,0.0062469838123238855
726.5,1.3660725052323391e-08,0.00019852331943661148,0.006031521534251905
727.0,1.3209538135724355e-08,0.00019196015822290136,0.0058229547583832225
727.5,1.2772174912749012e-08,0.0001855979428951451,0.00562106160407317
728.0,1.2348173724452767e-08,0.0001794302027449131,0.005425620190677081
728.5,1.193707291189102e-08,0.00017345046706377566,0.005236408637550283
729.0,1.1538410816119168e-08,0.00016765226514330316,0.005053205064048108
729.5,1.1151725778192615e-08,0.00016202912627506595,0.004875787589525887
730.0,1.0776556139166764e-08,0.0001565745797506344,0.004703934333338949
730.5,1.0412486510934744e-08,0.00015128275611072406,0.004537443525662402
731.0,1.0059286588740607e-08,0.0001461501908926312,0.00437619383995045
731.5,9.716772338666148e-09,0.0001411740208827974,0.0042200840604770746
732.0,9.38475972679315e-09,0.00013635138286766414,0.004069012971516256
732.5,9.063064719203399e-09,0.0001316794136336729,0.003922879357341973
733.0,8.751503281978688e-09,0.00012715524996726526,0.003781582002228208
733.5,8.449891381200798e-09,0.00012277602865488264,0.0036450196904489413
734.0,8.15804498295152e-09,0.0001185388864829666,0.0035130912062781533
734.5,7.875780053312639e-09,0.00011444096023795865,0.0033856953339898247
735.0,7.602912558365947e-09,0.00011047938670630032,0.003262730857857936
735.5,7.339247593719084e-09,0.00010665117659497628,0.0031440930983945565
736.0,7.084546773083124e-09,0.00010295283629314397,0.0030296635210641095
736.5,6.8385608396949896e-09,9.938074611050401e-05,0.002919320127569108
737.0,6.60104053679161e-09,9.593128635675703e-05,0.0028129409196120648
737.5,6.371736607609909e-09,9.260083734160361e-05,0.0027104038988954907
738.0,6.1503997953868176e-09,8.93857793747444e-05,0.0026115870671219
738.5,5.9367808433592585e-09,8.628249276588003e-05,0.002516368425993804
739.0,5.730630494764161e-09,8.328735782471107e-05,0.002424625977213715
739.5,5.53169949283845e-09,8.039675486093818e-05,0.0023362377224841464
740.0,5.339738580819054e-09,7.760706418426198e-05,0.00225108166350761
740.5,5.154508228030664e-09,7.491481953228376e-05,0.002169040675121302
741.0,4.975807808149027e-09,7.231716835420757e-05,0.002090017124701151
741.5,4.803446420937658e-09,6.981141152713816e-05,0.0020139182527577682
742.0,4.637233166160068e-09,6.739484992818022e-05,0.0019406512998017664
742.5,4.476977143579771e-09,6.506478443443849e-05,0.0018701235063437566
743.0,4.322487452960281e-09,6.281851592301775e-05,0.0018022421128943522
743.5,4.17357319406511e-09,6.065334527102269e-05,0.0017369143599641642
744.0,4.030043466657771e-09,5.8566573355558053e-05,0.0016740474880638041
744.5,3.891707370501776e-09,5.6555501053728574e-05,0.001613548737703885
745.0,3.758374005360641e-09,5.461742924263899e-05,0.0015553253493950183
745.5,3.6298608301122603e-09,5.2749756181842436e-05,0.0014992890183870287
746.0,3.5060187400920578e-09,5.0950269660685707e-05,0.0014453692588865905
746.5,3.3867069897498418e-09,4.9216854850964014e-05,0.0013935000398395908
747.0,3.2717848335354194e-09,4.7547396924472556e-05,0.001343615330191917
747.5,3.161111525898598e-09,4.593978105300652e-05,0.0012956490988894553
748.0,3.054546321289186e-09,4.439189240836114e-05,0.0012495353148780936
748.5,2.9519484741569895e-09,4.29016161623316e-05,0.0012052079471037188
749.0,2.8531772389518166e-09,4.146683748671311e-05,0.0011626009645122177
749.5,2.758091870123475e-09,4.008544155330087e-05,0.0011216483360494776
750.0,2.6665516221217715e-09,3.875531353389008e-05,0.0010822840306613853
750.5,2.5784173084607568e-09,3.7474379199648035e-05,0.001044443100515636
751.0,2.4935559789114474e-09,3.624072671923025e-05,0.0010080649306671542
751.5,2.411836242309104e-09,3.505248486066434e-05,0.000973089989392673
752.0,2.333126707488987e-09,3.390778239197792e-05,0.0009394587449689251
752.5,2.257295983286355e-09,3.280474808119858e-05,0.0009071116656726431
753.0,2.1842126785364695e-09,3.174151069635395e-05,0.0008759892197805602
753.5,2.1137454020745895e-09,3.071619900547163e-05,0.0008460318755694086
754.0,2.045762762735975e-09,2.9726941776579214e-05,0.0008171801013159213
754.5,1.9801333693558854e-09,2.8771867777704328e-05,0.0007893743652968309
755.0,1.9167258307695825e-09,2.784910577687457e-05,0.0007625551357888704
755.5,1.855418926747402e-09,2.695692930479446e-05,0.0007366675656463183
756.0,1.7961321207999908e-09,2.6094190942876088e-05,0.0007116755460336358
756.5,1.7387950473730716e-09,2.5259888035208465e-05,0.0006875476526928303
757.0,1.6833373409123678e-09,2.4453017925880592e-05,0.000664252461365909
757.5,1.629688635863603e-09,2.3672577958981475e-05,0.0006417585477948788
758.0,1.5777785666725003e-09,2.2917565478600124e-05,0.0006200344877217474
758.5,1.5275367677847834e-09,2.218697782882553e-05,0.0005990488568885218
759.0,1.478892873646175e-09,2.1479812353746702e-05,0.0005787702310372092
759.5,1.431776518702399e-09,2.0795066397452657e-05,0.0005591671859098167
760.0,1.3861173373991784e-09,2.0131737304032383e-05,0.0005402082972483515
760.5,1.3418513042544222e-09,1.948890317497772e-05,0.0005218648107978655
761.0,1.2989397540747802e-09,1.88659651413918e-05,0.0005041186523155875
761.5,1.257350361739088e-09,1.8262405091780587e-05,0.00048695441756179065
762.0,1.217050802126181e-09,1.767770491465005e-05,0.00047035670229674843
762.5,1.1780087501148943e-09,1.711134649850614e-05,0.000454310102280734
763.0,1.140191880584064e-09,1.6562811731854837e-05,0.00043879921327402086
763.5,1.1035678684125248e-09,1.603158250320209e-05,0.0004238086310368822
764.0,1.0681043884791124e-09,1.5517140701053866e-05,0.0004093229513295913
764.5,1.0337691156626626e-09,1.5018968213916132e-05,0.0003953267699124217
765.0,1.0005297248420103e-09,1.453654693029485e-05,0.0003818046825456465
765.5,9.683543484194839e-10,1.406937793394899e-05,0.00036874160957873445
766.0,9.372129488913811e-10,1.3617039089649557e-05,0.00035612376971793605
766.5,9.070759462774926e-10,1.317912745742056e-05,0.00034393770625869703
767.0,8.779137605976089e-10,1.2755240097286005e-05,0.0003321699624964631
767.5,8.496968118715204e-10,1.2344974069269902e-05,0.0003208070817266801
768.0,8.223955201190177e-10,1.1947926433396265e-05,0.00030983560724479384
768.5,7.959803053598915e-10,1.1563694249689103e-05,0.00029924208234625006
769.0,7.70421587613932e-10,1.1191874578172424e-05,0.00028901305032649456
769.5,7.4568978690093e-10,1.0832064478870242e-05,0.0002791350544809732
770.0,7.21755323240676e-10,1.0483861011806562e-05,0.0002695946381051317
770.5,6.985898267617591e-10,1.0146874558949776e-05,0.0002603789626651487
771.0,6.761697680279619e-10,9.820768790045778e-06,0.000251477662310134
771.5,6.544728277118657e-10,9.505220696784845e-06,0.00024288098935993028
772.0,6.334766864860521e-10,9.199907270857253e-06,0.0002345791961343804
772.5,6.131590250231019e-10,8.90450550395327e-06,0.0002265625349533268
773.0,5.934975239955969e-10,8.618692387763182e-06,0.00021882125813661244
773.5,5.744698640761181e-10,8.342144913977256e-06,0.0002113456180040798
774.0,5.560537259372469e-10,8.074540074285768e-06,0.00020412586687557164
774.5,5.382267902515645e-10,7.815554860378998e-06,0.00019715225707093068
775.0,5.209667376916524e-10,7.564866263947216e-06,0.00019041504090999955
775.5,5.042524950710208e-10,7.322167398230668e-06,0.0001839049960456016
776.0,4.880679737668958e-10,7.087215862669473e-06,0.00017761500146248248
776.5,4.723983312974328e-10,6.859785378253716e-06,0.00017153846147836854
777.0,4.572287251807872e-10,6.639649665973484e-06,0.00016566878041098602
777.5,4.425443129351138e-10,6.4265824468188645e-06,0.0001599993625780612
778.0,4.2833025207856817e-10,6.220357441779945e-06,0.00015452361229732046
778.5,4.1457170012930546e-10,6.020748371846813e-06,0.00014923493388649
779.0,4.0125381460548093e-10,5.827528958009553e-06,0.00014412673166329617
779.5,3.8836175302524975e-10,5.6404729212582535e-06,0.00013919240994546527
780.0,3.758806729067673e-10,5.459353982583001e-06,0.00013442537305072356
780.5,3.637963486630783e-10,5.283957357780168e-06,0.00012981934096122444
781.0,3.5209702228678595e-10,5.11411424187126e-06,0.00012536929631682935
781.5,3.4077155266538297e-10,4.949667324684068e-06,0.00012107053742182676
782.0,3.2980879868636197e-10,4.790459296046384e-06,0.00011691836258050518
782.5,3.191976192372156e-10,4.636332845785999e-06,0.00011290807009715315
783.0,3.0892687320543675e-10,4.487130663730704e-06,0.0001090349582760592
783.5,2.989854194785181e-10,4.34269543970829e-06,0.00010529432542151178
784.0,2.893621169439522e-10,4.202869863546547e-06,0.00010168146983779943
784.5,2.800458244892319e-10,4.067496625073269e-06,9.819168982921066e-05
785.0,2.7102540100184985e-10,3.936418414116245e-06,9.482028370003395e-05
785.5,2.622902580420749e-10,3.8094853277463092e-06,9.156277884615786e-05
786.0,2.5383201786128037e-10,3.6865770920064615e-06,8.841561902987096e-05
786.5,2.456428553836156e-10,3.567580840182744e-06,8.53754771050618e-05
787.0,2.3771494553323e-10,3.452383705561197e-06,8.2439025925619e-05
787.5,2.300404632342728e-10,3.340872821427864e-06,7.960293834543112e-05
788.0,2.2261158341089368e-10,3.2329353210687885e-06,7.686388721838678e-05
788.5,2.154204809872418e-10,3.12845833777001e-06,7.421854539837455e-05
789.0,2.0845933088746668e-10,3.0273290048175714e-06,7.166358573928303e-05
789.5,2.0172030803571763e-10,2.929434455497515e-06,6.919568109500078e-05
790.0,1.9519558735614414e-10,2.834661823095883e-06,6.681150431941641e-05
790.5,1.8887772152493698e-10,2.742903214824831e-06,6.450789990736898e-05
791.0,1.8276077422645265e-10,2.6540706336009722e-06,6.228239891749951e-05
791.5,1.7683918689708918e-10,2.568081056267032e-06,6.013270404939944e-05
792.0,1.7110740097324446e-10,2.484851459665737e-06,5.805651800266026e-05
792.5,1.6555985789131654e-10,2.404298820639813e-06,5.605154347687342e-05
793.0,1.6019099908770336e-10,2.326340116031987e-06,5.411548317163041e-05
793.5,1.5499526599880286e-10,2.2508923226849856e-06,5.2246039786522697e-05
794.0,1.4996710006101306e-10,2.177872417441534e-06,5.044091602114176e-05
794.5,1.4510094271073187e-10,2.1071973771443594e-06,4.869781457507906e-05
795.0,1.403912353843573e-10,2.0387841786361885e-06,4.701443814792608e-05
795.5,1.3583265251052085e-10,1.972554022607581e-06,4.538859374144432e-05
796.0,1.3142080048678806e-10,1.9084450051404316e-06,4.38185055660754e-05
796.5,1.2715151870295802e-10,1.8463994461644694e-06,4.230250213443096e-05
797.0,1.230206465488298e-10,1.7863596656094233e-06,4.083891195912264e-05
797.5,1.1902402341420247e-10,1.7282679834050218e-06,3.942606355276209e-05
798.0,1.1515748868887513e-10,1.6720667194809944e-06,3.806228542796095e-05
798.5,1.1141688176264688e-10,1.6176981937670691e-06,3.6745906097330875e-05
799.0,1.0779804202531677e-10,1.5651047261929753e-06,3.5475254073483486e-05
799.5,1.0429680886668391e-10,1.5142286366884416e-06,3.424865786903045e-05
800.0,1.0090902167654739e-10,1.465012245183197e-06,3.3064445996583415e-05
800.5,9.763069321800921e-11,1.4173995577327313e-06,3.192101970623211e-05
801.0,9.445852974738312e-11,1.371341324895578e-06,3.081707119797875e-05
801.5,9.138941089428582e-11,1.3267899833560312e-06,2.975136540930363e-05
802.0,8.842021628833399e-11,1.2836979697983853e-06,2.8722667277687028e-05
802.5,8.55478255591443e-11,1.242017720906935e-06,2.772974174060926e-05
803.0,8.276911833633346e-11,1.2017016733659747e-06,2.677135373555062e-05
803.5,8.008097424951814e-11,1.1627022638597983e-06,2.5846268199991403e-05
804.0,7.748027292831504e-11,1.1249719290727006e-06,2.4953250071411905e-05
804.5,7.496389400234085e-11,1.0884631056889759e-06,2.409106428729244e-05
805.0,7.252871710121225e-11,1.053128230392919e-06,2.325847578511329e-05
805.5,7.017179674949736e-11,1.0189227445397351e-06,2.2454322581268784e-05
806.0,6.789088705156988e-11,9.858141081682755e-07,2.1677735007809295e-05
806.5,6.568391700675497e-11,9.537727859883027e-07,2.0927916475699216e-05
807.0,6.354881561437777e-11,9.227692427095795e-07,2.0204070395902962e-05
807.5,6.148351187376341e-11,8.927739430418679e-07,1.950540017938491e-05
808.0,5.94859347842371e-11,8.637573516949307e-07,1.883110923710948e-05
808.5,5.75540133451239e-11,8.356899333785304e-07,1.818040098004106e-05
809.0,5.5685676555749006e-11,8.085421528024293e-07,1.7552478819144043e-05
809.5,5.3878853415437545e-11,7.822844746763902e-07,1.6946546165382834e-05
810.0,5.213147292351468e-11,7.568873637101755e-07,1.6361806429721837e-05
810.5,5.044150207528835e-11,7.32321901258588e-07,1.579748273080495e-05
811.0,4.880705984999778e-11,7.085616352565918e-07,1.5252877017994136e-05
811.5,4.722630322286497e-11,6.855807302841914e-07,1.4727310948330852e-05
812.0,4.569738916911197e-11,6.633533509213913e-07,1.422010617885657e-05
812.5,4.4218474663960754e-11,6.418536617481952e-07,1.3730584366612739e-05
813.0,4.278771668263341e-11,6.210558273446085e-07,1.325806716864084e-05
813.5,4.1403272200351916e-11,6.009340122906353e-07,1.2801876241982335e-05
814.0,4.0063298192338304e-11,5.814623811662796e-07,1.236133324367868e-05
814.5,3.8765951633814595e-11,5.626150985515464e-07,1.1935759830771344e-05
815.0,3.7509389500002806e-11,5.443663290264396e-07,1.152447766030179e-05
815.5,3.6291898949589774e-11,5.26691822169628e-07,1.1126856896612254e-05
816.0,3.511228787512151e-11,5.095736675544353e-07,1.0742461733248048e-05
816.5,3.396949435260882e-11,4.929955397528487e-07,1.0370904871055244e-05
817.0,3.2862456458062515e-11,4.769411133368564e-07,1.001179901087993e-05
817.5,3.179011226749341e-11,4.6139406287844574e-07,9.664756853568178e-06
818.0,3.075139985691233e-11,4.463380629496046e-07,9.329391099966074e-06
818.5,2.9745257302330083e-11,4.3175678812232055e-07,9.005314450919699e-06
819.0,2.8770622679757487e-11,4.1763391296858135e-07,8.692139607275128e-06
819.5,2.782643406520534e-11,4.0395311206037447e-07,8.389479269878438e-06
820.0,2.691162953468448e-11,3.9069805996968774e-07,8.096946139575718e-06
820.5,2.6025147164205704e-11,3.778524312685088e-07,7.814152917213041e-06
821.0,2.5165925029779835e-11,3.6539990052882536e-07,7.540712303636492e-06
821.5,2.4332901207417677e-11,3.533241423226249e-07,7.276236999692142e-06
822.0,2.3525013773130058e-11,3.416088312218953e-07,7.020339706226081e-06
822.5,2.2741200802927776e-11,3.302376417986241e-07,6.772633124084381e-06
823.0,2.1980400372821656e-11,3.191942486247991e-07,6.5327299541131265e-06
823.5,2.1241550558822512e-11,3.084623262724078e-07,6.300242897158395e-06
824.0,2.0523589436941148e-11,2.980255493134379e-07,6.074784654066265e-06
824.5,1.9825455083188395e-11,2.878675923198772e-07,5.855967925682821e-06
825.0,1.9146085573575052e-11,2.779721298637133e-07,5.643405412854139e-06
